id;job_history_id;start_date;end_date;language
1;12637;2021-06-08T16:23:44;2021-06-08T07:48:25;SPANISH
2;33952;2021-06-08T14:34:13;2021-06-08T13:57:16;SPANISH
3;92486;2021-06-08T18:28:05;2021-06-07T23:54:24;FRENCH
4;3540;2021-06-08T05:03:26;2021-06-08T11:47:53;ENGLISH
5;5551;2021-06-08T01:01:17;2021-06-08T14:18:59;SPANISH
6;27840;2021-06-08T04:44:52;2021-06-08T01:20:41;FRENCH
7;66594;2021-06-08T17:07:56;2021-06-08T14:47:58;SPANISH
8;12813;2021-06-08T16:16:34;2021-06-08T15:06:48;FRENCH
9;18935;2021-06-08T10:59:28;2021-06-08T18:51:16;FRENCH
10;52522;2021-06-08T21:07:23;2021-06-08T13:51:52;ENGLISH
